"Player","Position","Team","Sleeper","ESPN","Yahoo!","CBS","Fantrax","FFPC","BB10s","NFFC","Underdog","Consensus"
"Jahmyr Gibbs","RB","DET","1.6","1.6","1.6","1.4","1.3","1.0","1.8","1.6","1.1","1.4"
"Bijan Robinson","RB","ATL","2.7","2.6","1.8","1.9","1.9","2.0","1.6","1.6","2.0","2.0"
"Ja'Marr Chase","WR","CIN","3.6","4.6","3.3","4.0","3.3","3.1","3.3","3.2","3.0","3.5"
"Puka Nacua","WR","LAR","4.4","4.0","4.6","4.6","4.4","4.3","4.7","4.4","4.2","4.4"
"Jaxon Smith-Njigba","WR","SEA","6.8","5.8","6.5","6.4","6.0","6.3","6.1","5.8","5.5","6.1"
"Christian McCaffrey","RB","SF","5.9","6.6","5.5","6.6","5.5","7.1","6.4","6.6","6.2","6.3"
"Jonathan Taylor","RB","IND","7.5","8.1","7.1","5.5","7.5","9.1","7.9","8.4","7.9","7.7"
"Amon-Ra St. Brown","WR","DET","7.2","8.3","8.2","8.8","8.1","7.6","8.4","7.5","7.1","7.9"
"James Cook","RB","BUF","10.8","12.9","9.9","12.0","10.9","10.1","12.4","11.4","10.1","11.2"
"CeeDee Lamb","WR","DAL","9.3","10.6","10.1","14.8","11.9","14.0","11.7","11.6","9.8","11.5"
"Ashton Jeanty","RB","LV","14.4","17.7","13.7","12.6","10.3","11.3","10.7","10.5","12.0","12.6"
"Justin Jefferson","WR","MIN","11.8","12.1","12.3","16.2","11.7","12.6","13.5","12.6","11.0","12.7"
"De'Von Achane","RB","MIA","12.8","12.2","15.8","11.2","14.2","19.1","13.3","15.0","17.5","14.6"
"Saquon Barkley","RB","PHI","13.3","16.8","12.8","14.5","15.7","16.8","18.2","17.7","13.7","15.5"
"Chase Brown","RB","CIN","17.4","25.5","16.7","13.9","13.8","13.1","16.6","15.2","14.9","16.4"
"Omarion Hampton","RB","LAC","15.2","23.5","18.4","17.6","15.5","16.7","15.5","14.4","16.3","17.0"
"Drake London","WR","ATL","15.9","18.8","18.2","17.0","19.5","21.3","19.2","18.8","21.3","18.9"
"Kenneth Walker","RB","KC","20.4","24.5","17.8","22.1","18.2","16.1","20.1","19.2","14.5","19.2"
"Derrick Henry","RB","BAL","22.5","20.7","18.4","15.3","20.6","22.5","22.8","23.3","17.2","20.4"
"Brock Bowers","TE","LV","21.2","23.8","20.9","27.8","19.3","7.0","23.8","21.9","19.9","20.6"
"A.J. Brown","WR","NE","18.5","27.0","25.3","23.2","17.8","19.3","28.2","23.4","18.8","22.4"
"Trey McBride","TE","ARI","19.1","19.6","24.5","26.9","24.2","16.3","22.4","23.7","29.8","22.9"
"Nico Collins","WR","HOU","26.0","27.7","21.9","26.3","22.6","25.7","24.5","24.8","22.9","24.7"
"George Pickens","WR","DAL","23.4","28.2","22.3","22.4","25.9","26.7","27.0","25.0","23.2","24.9"
"Jeremiyah Love","RB","ARI","25.6","18.9","27.1","31.5","30.1","28.9","24.0","26.0","26.6","26.5"
"Rashee Rice","WR","KC","27.6","22.5","33.0","22.4","27.2","26.3","31.2","28.3","26.2","27.2"
"Josh Allen","QB","BUF","24.0","22.6","19.5","20.5","32.5","41.8","26.3","28.3","36.6","28.0"
"Malik Nabers","WR","NYG","28.1","37.5","35.1","34.0","23.9","25.4","32.0","33.0","24.1","30.4"
"Chris Olave","WR","NO","29.6","35.3","32.5","28.8","28.2","28.5","31.0","29.2","31.3","30.5"
"Kyren Williams","RB","LAR","30.1","42.4","29.5","26.7","27.5","36.5","29.5","33.1","32.3","32.0"
"Breece Hall","RB","NYJ","31.8","36.6","36.8","32.2","32.2","33.3","32.1","33.1","28.4","32.9"
"DeVonta Smith","WR","PHI","38.0","39.4","29.3","36.8","29.4","32.4","39.2","35.0","27.6","34.1"
"Josh Jacobs","RB","GB","31.2","29.8","31.7","25.6","40.5","42.7","33.8","37.8","41.3","34.9"
"Javonte Williams","RB","DAL","36.0","38.7","34.9","35.4","31.4","40.7","32.9","35.8","35.0","35.6"
"Zay Flowers","WR","BAL","44.1","42.4","38.4","38.0","35.9","33.0","40.6","36.3","30.5","37.7"
"Emeka Egbuka","WR","TB","39.5","44.6","43.7","37.5","39.1","31.7","45.6","37.8","31.2","39.0"
"Tee Higgins","WR","CIN","34.9","58.0","33.3","38.5","38.2","40.9","39.2","37.7","34.9","39.5"
"Tetairoa McMillan","WR","CAR","35.9","41.4","41.2","45.4","37.6","44.0","37.3","36.6","39.5","39.9"
"Garrett Wilson","WR","NYJ","43.6","36.1","48.6","47.1","39.3","38.7","40.4","38.7","39.8","41.4"
"Colston Loveland","TE","CHI","41.2","45.3","39.4","46.6","42.6","21.1","47.5","45.9","43.9","41.5"
"Cam Skattebo","RB","NYG","45.5","42.9","41.1","32.4","41.9","38.1","46.1","46.2","43.6","42.0"
"Travis Etienne","RB","NO","42.7","49.9","42.9","41.7","37.4","45.9","36.8","40.4","42.2","42.2"
"Ladd McConkey","WR","LAC","39.0","52.6","46.0","46.6","57.0","37.1","43.7","40.4","34.0","44.0"
"Jaylen Waddle","WR","DEN","47.4","60.5","44.2","53.7","45.1","39.8","51.3","46.3","38.4","47.4"
"Lamar Jackson","QB","BAL","33.4","39.2","36.5","41.4","50.1","74.3","48.3","55.4","56.8","48.4"
"Bucky Irving","RB","TB","37.1","55.9","53.3","41.7","58.3","53.8","47.4","53.8","54.2","50.6"
"Quinshon Judkins","RB","CLE","52.2","54.6","53.1","47.8","50.7","47.2","51.3","53.8","52.8","51.5"
"Tyler Warren","TE","IND","46.6","47.0","47.7","55.2","53.2","29.9","63.2","60.3","62.6","51.8"
"Davante Adams","WR","LAR","50.1","47.5","50.5","58.3","48.0","59.0","51.0","51.8","51.7","52.0"
"Terry McLaurin","WR","WAS","55.8","61.9","54.3","51.5","51.1","48.5","53.4","49.5","47.1","52.6"
"Luther Burden","WR","CHI","47.2","77.2","58.0","57.2","48.6","48.2","47.9","45.2","45.9","52.8"
"D'Andre Swift","RB","CHI","58.2","72.0","49.3","42.2","48.9","49.9","53.7","54.6","47.8","53.0"
"David Montgomery","RB","HOU","53.4","75.8","53.5","59.2","50.2","48.3","51.3","51.5","47.4","54.5"
"TreVeyon Henderson","RB","NE","51.8","72.3","60.2","60.0","46.1","59.1","48.9","51.1","56.7","56.2"
"Drake Maye","QB","NE","49.0","47.8","47.2","50.7","57.9","81.7","55.3","57.0","67.2","57.1"
"Jameson Williams","WR","DET","55.5","67.2","65.1","59.7","56.2","58.9","52.8","51.6","51.8","57.6"
"Joe Burrow","QB","CIN","54.6","60.2","47.1","52.7","56.3","87.5","55.0","55.4","68.7","59.7"
"DJ Moore","WR","BUF","57.8","71.1","65.2","63.0","56.6","50.2","65.6","58.9","54.7","60.3"
"Bhayshul Tuten","RB","JAX","60.5","79.4","62.7","57.0","59.9","49.7","64.2","62.0","50.8","60.7"
"Mike Evans","WR","SF","59.0","97.5","65.7","64.4","60.1","57.7","58.4","55.7","49.2","63.1"
"Rome Odunze","WR","CHI","66.7","72.0","69.0","65.1","62.0","58.0","61.2","58.7","58.3","63.4"
"Jayden Daniels","QB","WAS","61.6","51.0","53.6","60.9","67.7","93.9","64.2","72.1","68.7","66.0"
"Christian Watson","WR","GB","69.3","101.9","68.1","72.5","59.2","52.9","59.4","55.0","57.5","66.2"
"Jadarian Price","RB","SEA","70.0","81.1","65.9","62.2","62.4","60.1","71.9","71.7","62.2","67.5"
"Carnell Tate","WR","TEN","62.4","69.5","78.0","83.3","65.9","65.3","67.0","63.9","60.7","68.4"
"Jalen Hurts","QB","PHI","63.2","53.4","56.6","70.1","72.3","103.3","69.0","79.5","72.3","71.1"
"Marvin Harrison","WR","ARI","77.1","91.7","79.7","76.0","72.6","68.4","74.6","69.1","69.1","75.4"
"Tucker Kraft","TE","GB","65.7","100.3","61.2","76.2","73.8","60.5","81.4","83.7","78.1","75.6"
"Jaylen Warren","RB","PIT","73.4","104.5","76.6","77.3","73.4","69.3","68.4","72.2","70.7","76.2"
"Kyle Pitts","TE","ATL","68.2","65.9","73.6","70.7","80.9","59.2","87.0","86.3","103.7","77.3"
"Sam LaPorta","TE","DET","64.0","66.3","63.6","69.7","86.9","64.2","97.7","96.3","90.0","77.6"
"Brian Thomas","WR","JAX","71.4","106.4","84.7","81.8","69.3","73.1","76.7","71.3","64.6","77.7"
"Harold Fannin","TE","CLE","67.4","76.9","71.4","80.6","76.0","61.3","83.3","85.8","102.1","78.3"
"Parker Washington","WR","JAX","79.5","102.3","87.3","85.6","78.0","61.1","85.7","74.8","58.9","79.2"
"DK Metcalf","WR","PIT","71.7","87.9","86.1","87.7","78.5","80.9","72.4","73.2","75.9","79.4"
"Caleb Williams","QB","CHI","74.4","92.5","69.7","85.0","70.6","106.9","69.1","74.5","73.1","79.5"
"Tony Pollard","RB","TEN","87.3","90.4","86.2","77.0","77.6","81.0","79.2","82.4","76.5","82.0"
"Courtland Sutton","WR","DEN","79.8","85.7","100.0","77.0","75.4","97.1","74.7","74.9","84.6","83.2"
"Dak Prescott","QB","DAL","85.9","88.0","75.6","62.4","78.8","116.3","77.1","83.5","80.8","83.2"
"Jordyn Tyson","WR","NO","75.7","98.6","91.3","101.0","82.3","72.3","84.4","80.1","63.9","83.3"
"Rhamondre Stevenson","RB","NE","86.6","111.9","81.8","86.1","84.5","75.9","79.0","82.9","72.3","84.6"
"Alec Pierce","WR","IND","93.1","97.9","84.3","67.4","88.1","89.4","76.2","78.6","88.7","84.8"
"Chuba Hubbard","RB","CAR","76.3","115.3","74.9","81.1","88.8","96.1","69.6","79.5","90.8","85.8"
"Justin Herbert","QB","LAC","84.6","109.6","68.1","85.9","84.2","109.0","74.7","79.0","83.2","86.5"
"Rico Dowdle","RB","PIT","88.0","110.9","86.4","73.3","88.4","79.7","87.5","92.5","86.3","88.1"
"RJ Harvey","RB","DEN","78.3","129.7","99.3","79.7","74.1","91.5","73.1","80.7","88.1","88.3"
"Trevor Lawrence","QB","JAX","95.4","95.7","85.5","96.5","91.8","116.8","78.4","82.6","85.8","92.0"
"Jaxson Dart","QB","NYG","81.9","75.8","82.8","90.0","103.3","133.0","78.8","94.7","100.7","93.4"
"Mike Wilson","WR","ARI","83.8","106.6","104.9","105.7","95.5","95.9","89.6","86.5","92.7","95.7"
"Chris Godwin","WR","TB","95.3","148.0","98.1","95.7","87.0","78.6","101.5","93.3","88.6","98.5"
"Mike Pittman","WR","PIT","100.2","91.0","120.3","110.0","95.5","88.9","93.4","89.3","99.5","98.7"
"Makai Lemon","WR","PHI","82.1","121.8","105.5","111.8","92.8","105.9","95.5","94.4","80.3","98.9"
"J.K. Dobbins","RB","DEN","89.7","125.1","98.6","91.8","94.8","95.9","97.9","101.4","97.1","99.2"
"Quentin Johnston","WR","LAC","105.7","144.6","107.8","98.2","92.1","88.2","98.8","88.1","74.3","99.8"
"George Kittle","TE","SF","92.0","98.2","89.0","93.5","105.0","75.7","114.6","118.5","114.1","100.1"
"Kyle Monangai","RB","CHI","94.9","133.5","98.2","101.1","95.8","99.0","90.1","94.4","98.2","100.6"
"Matt Stafford","QB","LAR","102.5","79.3","100.3","99.7","94.2","145.5","88.4","94.6","108.0","101.4"
"Blake Corum","RB","LAR","101.5","140.7","98.8","107.2","99.1","80.3","100.6","97.3","90.8","101.8"
"Jonathon Brooks","RB","CAR","129.5","129.3","106.3","105.6","90.1","68.4","122.4","105.4","82.7","104.4"
"Kenneth Gainwell","RB","TB","110.1","123.3","115.9","100.7","105.3","83.5","98.3","94.8","109.2","104.6"
"Josh Downs","WR","IND","111.0","122.7","116.3","106.5","105.2","83.7","117.0","104.9","81.3","105.4"
"Brock Purdy","QB","SF","114.6","105.5","97.9","99.5","107.6","134.4","88.9","97.8","101.9","105.4"
"Patrick Mahomes","QB","KC","106.5","109.3","97.8","103.2","104.7","144.6","94.4","103.2","97.1","106.7"
"Travis Kelce","TE","KC","98.7","101.7","94.6","101.7","116.9","85.3","121.0","122.6","122.4","107.2"
"Wan'Dale Robinson","WR","TEN","108.1","117.8","130.8","91.6","104.2","95.3","106.8","99.9","111.0","107.3"
"Jakobi Meyers","WR","JAX","97.7","117.3","127.7","101.3","108.5","119.3","95.4","98.7","113.8","108.9"
"Jordan Addison","WR","MIN","103.7","123.4","118.6","114.5","107.8","110.5","106.2","106.0","90.1","109.0"
"Jayden Reed","WR","GB","113.9","140.6","120.1","122.7","110.3","98.6","114.6","107.5","80.2","112.0"
"Texans","DST","HOU","103.8","89.3","92.2","104.0","104.7","","147.0","146.4","","112.5"
"Bo Nix","QB","DEN","118.9","91.0","101.0","129.8","113.3","151.5","95.5","106.0","107.9","112.8"
"Rachaad White","RB","WAS","125.4","128.9","120.1","114.8","90.0","98.8","119.0","109.1","113.4","113.3"
"Jake Ferguson","TE","DAL","99.2","112.7","114.2","122.6","109.7","99.1","116.3","119.6","133.6","114.1"
"Dallas Goedert","TE","PHI","119.6","101.6","106.3","86.8","125.5","88.2","135.0","129.9","134.8","114.2"
"Isaiah Likely","TE","NYG","115.6","130.4","108.7","97.5","127.8","72.6","129.2","126.3","125.5","114.8"
"Jordan Mason","RB","MIN","119.1","156.4","120.4","108.6","110.2","93.9","113.8","115.6","104.5","115.8"
"Jacory Croskey-Merritt","RB","WAS","111.8","142.2","117.4","105.3","116.2","103.5","119.6","124.4","109.2","116.6"
"Dalton Kincaid","TE","BUF","91.6","137.1","100.0","130.3","130.8","86.7","126.5","123.4","124.2","116.7"
"Jared Goff","QB","DET","126.1","139.6","114.9","114.5","110.4","150.7","96.2","102.3","110.3","118.3"
"Aaron Jones","RB","MIN","116.8","123.5","121.5","107.8","118.1","122.5","123.4","130.7","126.4","121.2"
"Rams","DST","LAR","90.3","98.0","90.7","117.3","132.4","","166.3","156.7","","121.7"
"Matt Golden","WR","GB","132.8","107.2","129.8","132.8","126.6","111.3","129.8","121.1","104.7","121.8"
"Broncos","DST","DEN","121.5","91.3","100.8","89.9","131.2","","168.8","166.3","","124.2"
"Stefon Diggs","WR","WAS","117.6","136.2","119.2","127.6","138.3","103.5","144.8","135.1","103.6","125.1"
"Xavier Worthy","WR","KC","135.5","137.4","128.4","124.5","128.8","118.3","129.0","119.3","104.2","125.1"
"Mark Andrews","TE","BAL","124.3","123.5","114.0","125.7","135.9","100.1","137.6","136.4","130.0","125.3"
"Romeo Doubs","WR","NE","123.9","152.7","132.1","133.8","123.6","128.5","125.4","121.0","118.3","128.8"
"KC Concepcion","WR","CLE","133.0","151.0","132.1","125.8","119.3","112.0","137.5","130.0","119.1","128.9"
"Seahawks","DST","SEA","109.9","107.3","106.5","115.2","140.0","","163.2","162.3","","129.2"
"Jayden Higgins","WR","HOU","134.9","159.3","133.3","134.5","122.1","124.5","120.3","116.2","121.1","129.6"
"Khalil Shakir","WR","BUF","135.6","134.6","132.3","131.0","134.4","138.6","125.1","124.5","130.5","131.8"
"Kyler Murray","QB","MIN","158.5","149.7","110.9","137.1","122.3","165.2","107.7","121.1","113.6","131.8"
"Baker Mayfield","QB","TB","146.1","149.5","127.3","131.8","128.6","167.5","108.2","116.2","121.1","132.9"
"Jalen Coker","WR","CAR","143.2","160.6","133.6","140.2","129.1","128.7","132.7","130.1","127.4","136.2"
"Jordan Love","QB","GB","145.9","159.5","124.5","146.0","127.8","187.0","109.9","121.4","115.9","137.6"
"Tyrone Tracy","RB","NYG","156.8","167.4","130.8","123.6","136.1","120.3","133.1","134.2","136.3","137.6"
"Tyler Shough","QB","NO","161.1","155.4","129.9","146.9","131.0","175.0","104.4","118.5","124.6","138.5"
"Deebo Samuel","WR","SF","138.0","136.8","127.7","124.7","141.9","124.7","166.9","162.9","127.3","139.0"
"Chris Rodriguez","RB","JAX","154.5","167.9","132.8","130.9","135.3","120.2","138.7","144.3","127.3","139.1"
"Zach Charbonnet","RB","SEA","137.8","150.2","128.7","126.2","147.3","137.3","133.9","155.1","160.2","141.8"
"Woody Marks","RB","HOU","155.8","151.7","132.3","138.7","142.8","137.4","138.6","143.6","141.2","142.5"
"Oronde Gadsden","TE","LAC","107.6","169.8","126.2","156.8","148.8","139.3","134.0","144.5","162.9","143.3"
"Rashid Shaheed","WR","SEA","157.5","159.0","129.0","139.0","144.2","144.5","149.4","141.6","132.5","144.1"
"Tyler Allgeier","RB","ARI","148.4","169.4","130.1","145.0","141.3","147.4","128.8","139.8","149.6","144.4"
"Brenton Strange","TE","JAX","149.0","167.7","128.6","141.0","154.0","124.0","148.5","153.2","149.1","146.1"
"Malik Willis","QB","MIA","170.0","167.2","125.0","154.0","140.8","177.1","119.5","144.0","135.7","148.1"
"Juwan Johnson","TE","NO","166.2","164.3","130.2","147.3","158.5","121.3","143.9","153.2","153.4","148.7"
"Keaton Mitchell","RB","LAC","181.1","170.4","132.6","148.6","154.5","114.7","165.3","152.6","131.4","150.1"
"Chig Okonkwo","TE","WAS","167.6","169.1","126.7","154.7","158.2","120.7","161.2","160.3","143.4","151.3"
"Eagles","DST","PHI","130.9","134.7","123.4","132.0","163.1","","187.9","188.5","","151.5"
"Hunter Henry","TE","NE","122.9","142.9","128.4","153.8","207.1","144.9","154.0","165.5","152.0","152.4"
"Denzel Boston","WR","CLE","159.6","166.5","131.2","153.4","160.1","146.4","156.1","157.2","141.3","152.4"
"Tyjae Spears","RB","TEN","174.8","168.5","133.1","139.7","148.7","148.1","158.6","163.3","158.0","154.8"
"Jonah Coleman","RB","DEN","162.2","170.3","131.3","155.4","183.2","134.5","151.1","151.6","154.6","154.9"
"Alvin Kamara","RB","NO","159.2","156.7","126.6","134.3","156.5","153.5","169.7","176.4","162.7","155.1"
"Isiah Pacheco","RB","DET","188.6","157.9","126.6","135.6","152.2","156.9","160.3","165.2","162.7","156.2"
"Kenyon Sadiq","TE","NYJ","139.6","136.9","129.8","158.3","183.9","150.6","163.0","170.5","174.1","156.3"
"T.J. Hockenson","TE","MIN","163.3","133.8","130.1","166.3","165.6","148.1","170.5","183.8","169.5","159.0"
"Jalen Nailor","WR","LV","182.6","169.9","130.6","143.9","166.4","157.1","169.0","168.1","147.5","159.5"
"Jalen McMillan","WR","TB","193.5","167.5","130.1","154.9","164.2","161.1","162.0","157.5","153.6","160.5"
"Dylan Sampson","RB","CLE","194.5","170.8","131.4","151.8","160.7","154.1","156.2","159.8","175.8","161.7"
"Steelers","DST","PIT","164.1","115.6","134.8","149.5","187.1","","192.6","195.7","","162.8"
"Omar Cooper","WR","NYJ","171.3","170.4","131.1","154.5","158.9","184.8","169.7","173.1","152.0","162.9"
"Patriots","DST","NE","147.8","148.5","126.6","154.9","183.6","","194.2","187.0","","163.2"
"Jauan Jennings","WR","MIN","175.5","170.2","128.3","157.4","149.4","216.5","151.9","159.9","160.2","163.3"
"Tank Bigsby","RB","PHI","191.8","167.5","131.4","157.8","167.8","134.6","184.7","182.7","152.2","163.4"
"Brian Robinson","RB","ATL","143.8","166.6","124.2","159.1","173.2","160.5","182.0","184.0","182.8","164.0"
"Vikings","DST","MIN","151.5","168.6","131.2","136.7","182.8","","187.4","195.1","","164.8"
"De'Zhaun Stribling","WR","SF","178.1","168.7","132.1","166.8","149.0","127.1","220.6","217.5","134.0","166.0"
"Ravens","DST","BAL","142.7","131.9","137.2","151.4","192.4","","203.1","206.0","","166.4"
"Dalton Schultz","TE","HOU","173.3","167.7","128.8","166.0","191.8","165.4","165.7","184.9","168.4","168.0"
"Tre Tucker","WR","LV","211.3","168.3","","154.5","159.3","175.0","162.6","167.5","158.1","169.6"
"Sam Darnold","QB","SEA","179.3","163.2","123.3","143.1","290.7","218.9","126.4","146.8","142.2","170.4"
"Bryce Young","QB","CAR","206.5","168.4","123.1","","219.5","","137.6","180.0","161.9","171.0"
"Travis Hunter","WR","JAX","165.0","117.6","126.9","","257.4","186.7","188.4","195.6","146.2","173.0"
"Daniel Jones","QB","IND","207.8","159.9","128.7","152.3","208.6","261.9","135.6","160.4","147.4","173.6"
"Ricky Pearsall","WR","SF","245.3","170.1","114.6","102.3","","340.1","111.0","133.0","","173.8"
"Jaguars","DST","JAC","169.8","167.1","136.9","165.0","190.7","","198.9","193.6","","174.6"
"C.J. Stroud","QB","HOU","190.3","166.2","126.0","162.4","204.2","315.8","123.1","152.0","145.9","176.2"
"AJ Barner","TE","SEA","189.7","168.8","126.4","179.1","208.5","173.9","180.9","198.5","176.5","178.0"
"Chargers","DST","LAC","183.4","162.9","138.7","161.6","199.6","","204.8","200.0","","178.7"
"Tre' Harris","WR","LAC","212.3","170.9","","","182.5","165.8","186.1","175.8","162.0","179.3"
"Cam Ward","QB","TEN","204.7","167.7","125.8","163.6","211.7","312.3","131.9","153.8","145.4","179.7"
"Isaac TeSlaa","WR","DET","214.5","170.3","126.3","","174.1","221.7","193.5","186.4","174.1","182.6"
"Lions","DST","DET","151.4","151.2","137.4","156.2","232.0","","224.3","233.2","","183.7"
"Jerry Jeudy","WR","CLE","197.8","161.7","","152.4","207.3","209.1","176.2","181.0","187.9","184.2"
"Greg Dulcich","TE","MIA","238.6","170.3","132.8","157.5","213.8","150.7","206.3","216.9","183.8","185.6"
"Fernando Mendoza","QB","LV","186.5","166.9","121.6","","272.0","","172.2","205.6","187.2","187.4"
"Emmett Johnson","RB","KC","195.3","170.1","","165.4","249.4","178.3","162.1","169.9","209.9","187.5"
"Malik Washington","WR","MIA","229.5","170.1","","170.5","180.1","186.7","192.1","198.2","174.4","187.7"
"Mike Washington","RB","LV","215.3","170.2","130.3","","246.4","175.5","184.5","188.8","192.1","187.9"
"Terrance Ferguson","TE","LAR","209.9","166.7","127.0","","260.4","134.7","224.0","225.4","174.6","190.3"
"Tank Dell","WR","HOU","185.4","168.2","","138.5","203.2","197.3","225.6","228.3","179.6","190.8"
"James Conner","RB","ARI","199.9","170.5","126.5","159.5","208.4","237.1","189.7","218.6","214.6","191.6"
"Ryan Flournoy","WR","DAL","234.0","170.3","","","180.7","198.5","204.3","193.5","163.7","192.1"
"JuJu Smith-Schuster","WR","NYG","","169.9","","","","","","","216.0","192.9"
"Barion Brown","WR","NO","","169.9","","","","","","","215.9","192.9"
"Kaden Wetjen","WR","PIT","","170.0","","","","","","","216.0","193.0"
"Cade Stover","TE","HOU","","170.0","","","","","","","216.0","193.0"
"Patrick Ricard","RB","NYG","","170.0","","","","","","","216.0","193.0"
"Nate Boerkircher","TE","JAX","","170.0","","","","","","","216.0","193.0"
"Dante Pettis","WR","BUF","","170.0","","","","","","","216.0","193.0"
"Colson Yankoff","TE","WSH","","170.0","","","","","","","216.0","193.0"
"Emmanuel Henderson Jr.","WR","SEA","","170.0","","","","","","","216.0","193.0"
"Ray-Ray McCloud III","WR","CHI","","170.0","","","","","","","216.0","193.0"
"Salvon Ahmed","RB","CHI","","170.0","","","","","","","216.0","193.0"
"Sincere McCormick","RB","SF","","170.0","","","","","","","216.0","193.0"
"Taylen Green","QB","CLE","","170.0","","","","","","","216.0","193.0"
"Josh Cephus","WR","FA","","170.0","","","","","","","216.0","193.0"
"Matt Hibner","TE","BAL","","170.0","","","","","","","216.0","193.0"
"Xavier Restrepo","WR","TEN","","170.0","","","","","","","216.0","193.0"
"Treyton Welch","TE","NO","","170.0","","","","","","","216.0","193.0"
"Jack Endries","TE","CIN","","170.0","","","","","","","216.0","193.0"
"Brett Rypien","QB","FA","","170.0","","","","","","","216.0","193.0"
"DeAndre Carter","WR","FA","","170.0","","","","","","","216.0","193.0"
"Adonai Mitchell","WR","NYJ","217.5","169.4","","","214.5","189.5","193.8","198.8","171.2","193.6"
"Braelon Allen","RB","NYJ","215.9","170.6","","159.8","189.1","178.1","210.8","213.3","212.8","193.8"
"Jaydon Blue","RB","DAL","232.0","170.1","","","210.4","142.5","218.6","218.1","169.9","194.5"
"MarShawn Lloyd","RB","GB","225.5","170.7","","","234.2","124.7","225.6","220.7","164.4","195.1"
"Packers","DST","GB","203.2","167.7","137.7","","223.9","","214.6","230.0","","196.2"
"Kimani Vidal","RB","LAC","219.8","170.5","","","205.9","187.5","196.8","199.2","203.9","197.7"
"Browns","DST","CLE","266.6","152.6","135.3","168.9","238.6","","203.3","219.4","","197.8"
"Chiefs","DST","KC","205.8","162.7","135.6","","232.6","","220.2","236.1","","198.9"
"Pat Freiermuth","TE","PIT","243.0","168.8","125.3","","231.2","187.1","208.6","233.4","193.7","198.9"
"Bills","DST","BUF","223.0","168.9","131.9","174.5","243.1","","218.0","233.6","","199.0"
"Ray Davis","RB","BUF","235.3","170.6","","","208.7","157.9","220.6","214.1","187.5","199.3"
"Antonio Williams","WR","WAS","199.3","170.9","","163.5","219.8","238.8","200.1","199.3","204.7","199.5"
"Falcons","DST","ATL","228.4","170.2","134.7","157.5","251.6","","220.1","234.7","","199.6"
"Bears","DST","CHI","226.8","169.2","128.7","","253.0","","211.8","222.6","","202.0"
"Gunnar Helm","TE","TEN","233.7","170.2","","","245.0","172.2","188.9","216.5","187.8","202.1"
"Geno Smith","QB","NYJ","","170.3","","","274.6","","173.3","207.3","188.5","202.8"
"Nick Singleton","RB","TEN","198.8","170.3","","","262.7","186.2","199.7","203.8","203.2","203.5"
"Dontayvion Wicks","WR","PHI","","170.6","","","227.8","197.1","225.7","231.3","171.7","204.0"
"Jordan James","RB","SF","","170.7","","152.3","242.9","189.1","228.7","237.7","213.9","205.0"
"Cade Otton","TE","TB","213.4","170.3","","169.5","237.7","225.9","206.2","228.1","191.5","205.3"
"49ers","DST","SF","222.3","168.4","128.6","","249.4","","233.9","245.4","","208.0"
"Kaelon Black","RB","SF","","170.5","","155.8","270.3","183.2","232.3","234.3","209.8","208.0"
"Cowboys","DST","DAL","201.0","166.7","128.8","","270.9","","231.2","250.8","","208.2"
"Justice Hill","RB","BAL","","170.8","","168.9","209.2","210.4","231.3","253.4","213.3","208.2"
"Zachariah Branch","WR","ATL","191.6","170.2","","","225.7","234.8","231.2","227.4","179.9","208.7"
"Kayshon Boutte","WR","NE","218.8","170.5","","","220.7","248.0","196.1","211.0","198.0","209.0"
"Giants","DST","NYG","227.5","169.2","130.5","","267.9","","220.9","240.3","","209.4"
"Kaytron Allen","RB","WAS","221.4","170.5","","","264.2","189.9","204.0","204.5","212.2","209.5"
"Aaron Rodgers","QB","PIT","236.3","169.0","117.2","","254.4","342.5","174.8","205.9","178.9","209.9"
"David Njoku","TE","LAC","210.5","169.6","125.2","","254.2","256.5","212.8","240.3","212.2","210.2"
"Sean Tucker","RB","TB","250.3","170.2","","","239.1","211.1","208.9","212.6","197.1","212.8"
"J.J. Taylor","RB","FA","256.0","170.0","","","","","","","","213.0"
"Cooper Kupp","WR","SEA","230.2","168.8","115.3","160.3","229.3","342.7","221.2","242.0","210.1","213.3"
"Calvin Ridley","WR","TEN","253.2","167.2","","167.1","208.5","267.9","217.6","229.7","195.5","213.3"
"Jack Strand","QB","ATL","","","","","","","","","216.0","216.0"
"KJ Hamler","WR","","","","","","","","","","216.0","216.0"
"Jordan Moore","WR","CIN","","","","","","","","","216.0","216.0"
"Noah Whittington","RB","HOU","","","","","","","","","216.0","216.0"
"Jabari Small","RB","DET","","","","","","","","","216.0","216.0"
"Tyreek Hill","WR","FA","207.4","169.8","132.3","161.1","254.8","341.9","214.2","248.9","215.3","216.2"
"Ja'Kobi Lane","WR","BAL","175.3","168.9","","","275.2","201.7","240.2","273.7","180.7","216.5"
"George Holani","RB","SEA","","170.2","","","251.9","192.5","231.4","240.4","212.4","216.5"
"Saints","DST","NO","244.6","169.9","","162.7","263.4","","223.4","237.4","","216.9"
"Tua Tagovailoa","QB","ATL","236.5","170.0","","","269.4","","198.0","225.3","207.4","217.8"
"Cyrus Allen","WR","KC","228.2","169.7","","","269.5","184.0","238.8","262.1","184.8","219.6"
"Jacoby Brissett","QB","ARI","244.7","170.1","","","241.3","333.1","159.3","190.0","198.7","219.6"
"Jimmy Horn Jr.","WR","CAR","","169.9","","","","","","273.3","216.0","219.7"
"Josh Oliver","TE","MIN","","169.9","","","","","","273.1","216.0","219.7"
"Darius Cooper","WR","PHI","","169.9","","","","","","273.2","215.9","219.7"
"Mitch Tinsley","WR","CIN","","170.0","","","","","","273.1","216.0","219.7"
"Sam Roush","TE","CHI","","170.0","","","","","","273.2","216.0","219.7"
"Mason Rudolph","QB","PIT","","170.0","","","","","","273.1","216.0","219.7"
"AJ Dillon","RB","CAR","","170.0","","","","","","273.0","216.0","219.7"
"Roschon Johnson","RB","CHI","","170.0","","","","","","273.2","216.0","219.7"
"Mitch Evans","TE","CAR","","170.0","","","","","","273.2","216.0","219.7"
"Jacob Saylors","RB","DET","","170.0","","","","","","273.3","216.0","219.7"
"KeAndre Lambert-Smith","WR","LAC","","170.0","","","","","","273.3","216.0","219.7"
"Will Levis","QB","TEN","","170.0","","","","","","273.1","216.0","219.7"
"Khalil Herbert","RB","SF","","170.0","","","","","","273.2","216.0","219.7"
"Jordan Watkins","WR","SF","","170.0","","","","","","273.2","216.0","219.7"
"Theo Wease Jr.","WR","MIA","","170.0","","","","","","273.1","216.0","219.7"
"Nick Chubb","RB","FA","","169.9","","","","","","273.3","216.0","219.8"
"Isaiah Williams","WR","NYJ","","170.0","","","","","","273.4","216.0","219.8"
"Sione Vaki","RB","DET","","170.0","","","","","","273.3","216.0","219.8"
"Elijah Higgins","TE","ARI","","169.9","","","","","","273.7","216.0","219.9"
"Efton Chism III","WR","NE","","169.9","","","","","","273.7","216.0","219.9"
"Noah Fant","TE","NO","","170.0","","","","","","273.7","216.0","219.9"
"Taysom Hill","TE","FA","","170.0","","","","","","273.8","216.0","219.9"
"Spencer Rattler","QB","NO","","170.0","","","","","","273.7","216.0","219.9"
"Jaleel McLaughlin","RB","DEN","","170.0","","","","","","273.6","216.0","219.9"
"Damien Martinez","RB","GB","","170.0","","","","","","273.6","216.0","219.9"
"Jacob Cowing","WR","SF","","170.0","","","","","","273.6","216.0","219.9"
"Dyami Brown","WR","WSH","","170.2","","","","","","273.5","216.0","219.9"
"Roman Wilson","WR","PIT","","169.9","","","","","","274.4","215.8","220.0"
"Austin Ekeler","RB","FA","","170.0","","","","","","274.2","216.0","220.0"
"Rasheen Ali","RB","BAL","","170.0","","","","","","274.0","216.0","220.0"
"KaVontae Turpin","WR","DAL","","169.8","","","","","","275.0","215.9","220.2"
"Tommy Tremble","TE","CAR","","169.9","","","","","","274.7","216.0","220.2"
"Jalen Royals","WR","KC","","170.0","","","","","","274.6","216.0","220.2"
"Demarcus Robinson","WR","SF","","170.0","","","","","","274.8","215.9","220.2"
"Savion Williams","WR","GB","","170.2","","","","","","274.6","215.8","220.2"
"Colbie Young","WR","CIN","","170.0","","","","","","274.9","215.9","220.3"
"Joe Milton III","QB","DAL","","169.9","","","","","","275.6","216.0","220.5"
"Joe Mixon","RB","FA","204.6","169.9","","","","","238.8","273.6","216.0","220.6"
"Tyson Bagent","QB","CHI","","169.9","","","","","","277.1","216.0","221.0"
"Philip Rivers","QB","IND","","169.6","","","","","","273.1","","221.3"
"Albert Okwuegbunam Jr.","TE","LV","","170.0","","","","","","272.9","","221.4"
"Jonnu Smith","TE","FA","","170.0","","","","","","278.3","216.0","221.4"
"Demond Claiborne","RB","MIN","247.7","170.4","","","279.6","176.6","233.6","228.4","214.1","221.5"
"Stetson Bennett IV","QB","LAR","","169.9","","","","","","273.1","","221.5"
"Tim Patrick","WR","NYJ","","170.0","","","","","","273.1","","221.5"
"Drew Sample","TE","CIN","","170.0","","","","","","273.1","","221.5"
"Jeremy Ruckert","TE","NYJ","","170.0","","","","","","273.1","","221.5"
"Arian Smith","WR","NYJ","","170.0","","","","","","273.1","","221.5"
"Jalin Hyatt","WR","NYG","","170.0","","","","","","272.9","","221.5"
"Devin Duvernay","WR","ARI","","170.0","","","","","","273.1","","221.5"
"Jeremy McNichols","RB","WSH","","170.0","","","","","","273.0","","221.5"
"Carson Wentz","QB","MIN","","170.0","","","","","","273.1","","221.5"
"Isaiah Hodgins","WR","NYG","","170.0","","","","","","273.0","","221.5"
"Miles Sanders","RB","FA","","170.0","","","","","","273.1","","221.5"
"Raheem Mostert","RB","FA","","170.0","","","","","","273.1","","221.5"
"Jake Bobo","WR","SEA","","169.9","","","","","","273.2","","221.6"
"Sam Howell","QB","DAL","","170.0","","","","","","273.2","","221.6"
"Tanner McKee","QB","PHI","","170.0","","","","","","273.2","","221.6"
"Frank Gore Jr.","RB","BUF","","170.0","","","","","","273.2","","221.6"
"Derek Carr","QB","NO","","170.0","","","","","","273.2","","221.6"
"Jimmy Garoppolo","QB","LAR","","170.0","","","","","","273.2","","221.6"
"Durham Smythe","TE","BAL","","170.0","","","","","","273.1","","221.6"
"Pierre Strong Jr.","RB","GB","","170.0","","","","","","273.1","","221.6"
"Tyler Badie","RB","DEN","","170.1","","","","","","273.1","","221.6"
"Jam Miller","RB","NE","","170.0","","","","","","273.4","","221.7"
"Lan Larison","RB","NE","","170.0","","","","","","273.3","","221.7"
"Bam Knight","RB","ARI","","170.1","","","","","","273.6","","221.8"
"Quinn Ewers","QB","MIA","","169.9","","","","","","274.0","","222.0"
"Tommy DeVito","QB","NE","","169.9","","","","","","274.4","","222.2"
"Jarrett Stidham","QB","DEN","","170.0","","","","","","274.5","","222.2"
"Nick Mullens","QB","JAX","","170.0","","","","","","274.6","","222.3"
"Hollywood Brown","WR","PHI","","169.9","","","","","236.6","270.1","215.9","223.1"
"Emanuel Wilson","RB","SEA","254.6","170.2","","165.6","232.8","342.1","193.4","211.1","215.9","223.2"
"Devin Neal","RB","NO","211.9","169.9","","","","","240.5","280.7","216.0","223.8"
"Seth McGowan","RB","IND","","170.1","","","","218.2","240.4","275.6","215.0","223.9"
"Pat Bryant","WR","DEN","231.5","170.7","","","284.5","206.7","232.5","260.0","182.0","224.0"
"Evan Engram","TE","DEN","","170.2","","","252.6","218.5","234.7","260.8","212.0","224.8"
"Odell Beckham Jr.","WR","NYG","","169.1","","","","","240.8","273.9","215.9","224.9"
"Dillon Gabriel","QB","CLE","","170.0","","","","","240.9","272.9","216.0","224.9"
"Jahdae Walker","WR","CHI","","169.9","","","","","241.0","273.3","215.9","225.0"
"Cade Klubnik","QB","NYJ","","169.9","","","","","241.0","273.3","216.0","225.0"
"Jalen Milroe","QB","SEA","","170.0","","","","","241.0","273.0","216.0","225.0"
"Deion Burks","WR","IND","","170.0","","","","","240.6","273.5","216.0","225.0"
"Kendre Miller","RB","NO","224.8","170.1","","","","","240.6","274.1","216.0","225.1"
"CJ Daniels","WR","LAR","","170.0","","","","","240.9","273.5","216.0","225.1"
"Ashton Dulin","WR","IND","","170.0","","","","","240.9","273.4","216.0","225.1"
"Kalif Raymond","WR","CHI","","169.9","","","","","241.0","274.9","215.9","225.4"
"Davis Mills","QB","HOU","","170.0","","","","","241.0","274.6","216.0","225.4"
"Jarquez Hunter","RB","LAR","240.6","170.0","","","","","","275.5","216.0","225.5"
"Cedric Tillman","WR","CLE","","170.0","","","","","241.0","275.0","216.0","225.5"
"Phil Mafah","RB","DAL","","170.0","","","","","241.0","275.0","216.0","225.5"
"Ben Sinnott","TE","WSH","","170.0","","","","","240.9","275.0","216.0","225.5"
"Isaac Guerendo","RB","SF","","170.1","","","","","240.9","275.7","216.0","225.7"
"Colts","DST","IND","219.0","170.0","","","260.7","","230.7","248.4","","225.8"
"Brenen Thompson","WR","LAC","","169.9","","","","","240.9","276.8","215.9","225.9"
"Eli Heidenreich","RB","PIT","","170.0","","","","","240.9","276.9","216.0","225.9"
"Jerome Ford","RB","WSH","","170.0","","","","","241.0","277.0","216.0","226.0"
"Tanner Koziol","TE","JAX","","170.0","","","292.1","","","","216.0","226.0"
"Jake Tonges","TE","SF","246.0","170.5","","","272.7","211.4","227.2","240.3","214.8","226.1"
"Kirk Cousins","QB","LV","","169.9","","","262.4","","227.5","255.6","215.2","226.1"
"Bryce Lance","WR","NO","","170.0","","","","","240.9","277.6","216.0","226.1"
"Marlin Klein","TE","HOU","","170.0","","","292.4","","","","216.0","226.1"
"Calvin Austin III","WR","NYG","","169.9","","","","","241.0","277.7","216.0","226.2"
"Mo Alie-Cox","TE","IND","","169.9","","","292.5","","","","216.0","226.2"
"Tony Richardson Sr.","QB","IND","","169.9","","","","","241.0","279.5","216.0","226.6"
"Colby Parkinson","TE","LAR","251.4","170.6","","","243.7","276.4","203.8","231.1","210.3","226.8"
"Rashod Bateman","WR","BAL","232.7","170.8","","164.9","255.4","295.9","236.4","260.6","200.8","227.2"
"Mike Trigg","TE","DAL","249.7","170.0","","","","","","273.2","216.0","227.2"
"John Metchie III","WR","CAR","","170.0","","171.9","290.4","","241.0","273.8","216.0","227.2"
"Mike Gesicki","TE","CIN","","170.3","","","251.0","","237.2","270.6","209.6","227.7"
"Audric Estime","RB","NO","237.4","170.0","","","","","","276.3","","227.9"
"Mike Penix","QB","ATL","227.9","170.0","","","271.8","","227.3","255.6","215.5","228.0"
"Jack Stoll","TE","CLE","286.0","170.0","","","","","","","","228.0"
"Mitch Trubisky","QB","TEN","","170.0","","","","","241.0","273.0","","228.0"
"Kenneth Pickett","QB","CAR","","169.9","","","","","241.0","273.6","","228.2"
"Will Howard","QB","PIT","","169.9","","","","","240.7","274.4","","228.4"
"Deshaun Watson","QB","CLE","","169.9","","","276.7","","226.6","260.1","215.3","229.7"
"Shedeur Sanders","QB","CLE","237.9","169.2","","","271.9","","229.8","260.0","213.6","230.4"
"Max Klare","TE","LAR","248.8","170.0","","","","","241.0","277.3","216.0","230.6"
"Emari Demercado","RB","KC","","170.3","","","266.8","229.4","238.8","263.9","215.7","230.8"
"Buccaneers","DST","TB","232.4","169.4","","","261.3","","236.7","255.8","","231.1"
"Brandon Aiyuk","WR","SF","252.5","170.7","","","211.9","342.2","201.2","223.5","215.8","231.1"
"Will Kacmarek","TE","MIA","","170.0","","","292.2","","","","","231.1"
"Jaylin Noel","WR","HOU","213.7","171.3","","","284.8","","236.2","268.7","215.3","231.7"
"Chimere Dike","WR","TEN","229.4","170.5","","","291.4","","225.9","259.4","215.9","232.1"
"Ted Hurst","WR","TB","242.9","170.3","","","255.9","266.6","237.4","263.6","200.2","233.8"
"Eli Stowers","TE","PHI","220.8","169.9","","","272.7","270.6","232.1","257.6","214.1","234.0"
"Jaylen Wright","RB","MIA","247.9","170.3","","","264.4","267.1","233.0","244.3","215.4","234.6"
"Jack Bech","WR","LV","238.2","171.2","","","268.3","","239.7","276.0","215.4","234.8"
"Panthers","DST","CAR","238.4","169.8","","","279.3","","233.5","252.9","","234.8"
"Troy Franklin","WR","DEN","249.2","170.6","","","233.2","341.5","210.5","223.9","214.6","234.8"
"J.J. McCarthy","QB","MIN","224.2","169.6","","","287.2","","239.0","278.6","215.9","235.7"
"Elic Ayomanor","WR","TEN","241.5","170.0","","","285.1","","233.5","269.8","215.6","235.9"
"Marvin Mims","WR","DEN","219.5","170.0","","","285.9","","240.9","284.3","215.9","236.1"
"Theo Johnson","TE","NYG","232.2","170.2","","","290.6","","237.2","270.4","215.8","236.1"
"Kaleb Johnson","RB","PIT","217.5","170.0","","","290.7","","241.0","281.9","216.0","236.2"
"Darnell Mooney","WR","NYG","253.8","170.7","","","219.8","341.0","225.7","233.3","210.0","236.3"
"Kyle Williams","WR","NE","222.1","169.9","","","291.0","","239.3","280.3","216.0","236.4"
"Keenan Allen","WR","FA","233.2","169.9","","","285.7","257.8","236.7","265.8","206.3","236.5"
"Carson Beck","QB","ARI","","169.6","","","287.2","","235.5","276.3","214.1","236.5"
"Devontez Walker","WR","BAL","","170.0","","","279.4","","240.8","276.2","216.0","236.5"
"Jalen Tolbert","WR","MIA","","170.4","","","288.0","","235.1","274.6","215.8","236.8"
"Christian Kirk","WR","SF","241.7","170.5","","182.8","269.5","340.9","232.8","242.4","215.5","237.0"
"Chris Brooks","RB","GB","","170.2","","","286.8","","239.1","272.7","216.0","237.0"
"Brashard Smith","RB","KC","226.3","170.1","","","290.1","","240.3","282.5","215.9","237.5"
"Elijah Sarratt","WR","BAL","229.2","170.1","","","291.4","","239.6","280.3","214.4","237.5"
"Mac Jones","QB","SF","","169.9","","","288.7","","237.9","275.4","216.0","237.6"
"Konata Mumpfield","WR","LAR","","169.9","","","291.4","","","273.3","216.0","237.7"
"Riley Leonard","QB","IND","","170.0","","","291.6","","","273.2","216.0","237.7"
"Kyle Juszczyk","RB","SF","","169.9","","","292.3","","","273.2","216.0","237.9"
"Jawhar Jordan","RB","HOU","","170.1","","","291.4","","","273.9","216.0","237.9"
"Jaylin Lane","WR","WSH","","170.1","","","292.5","","","273.3","216.0","238.0"
"Andrei Iosivas","WR","CIN","","170.3","","","284.9","","240.1","279.5","215.1","238.0"
"Xavier Hutchinson","WR","HOU","","170.0","","","292.5","","","273.8","216.0","238.1"
"Dont'e Thornton Jr.","WR","LV","","170.0","","","292.5","","","273.8","216.0","238.1"
"Josh Palmer","WR","BUF","","169.9","","","290.6","","","276.6","215.9","238.3"
"Nick Westbrook-Ikhine","WR","IND","","170.0","","","292.1","","","275.1","215.9","238.3"
"Trevor Etienne","RB","CAR","","170.1","","","292.1","","","275.6","216.0","238.4"
"Luke Musgrave","TE","GB","","169.9","","","292.2","","240.8","273.8","216.0","238.5"
"Ollie Gordon II","RB","MIA","","170.3","","","283.9","244.5","240.8","275.9","215.8","238.5"
"Jordan Whittington","WR","LAR","","169.9","","","292.3","","240.9","274.1","215.9","238.6"
"Kevin Coleman Jr.","WR","MIA","","170.0","","","291.9","","241.0","273.9","216.0","238.6"
"Treylon Burks","WR","WSH","","170.1","","","292.3","","","276.0","216.0","238.6"
"Devaughn Vele","WR","NO","239.8","170.7","","","291.5","","238.8","277.3","214.9","238.8"
"Justin Fields","QB","KC","","169.9","","","289.9","","238.3","280.1","216.0","238.8"
"Kareem Hunt","RB","FA","","170.0","","","291.6","","239.6","276.9","216.0","238.8"
"Justin Joly","TE","DEN","","170.0","","","292.3","","","277.1","216.0","238.8"
"Darnell Washington","TE","PIT","","169.4","","","288.6","","240.4","281.5","215.3","239.0"
"Luke McCaffrey","WR","WSH","","169.9","","","292.2","","240.8","276.3","216.0","239.0"
"Tyler Huntley","QB","BAL","","169.9","","","290.9","","240.9","277.1","216.0","239.0"
"Skyler Bell","WR","BUF","","169.9","","","289.4","","240.8","280.4","215.7","239.2"
"Jahan Dotson","WR","ATL","","170.2","","","290.5","","239.5","281.8","215.7","239.5"
"DeMario Douglas","WR","NE","","170.0","","","291.8","","241.0","279.5","215.7","239.6"
"Ty Simpson","QB","LAR","241.8","169.9","","","291.7","","240.0","279.0","216.0","239.7"
"Jameis Winston","QB","NYG","","169.9","","","290.9","","240.6","281.1","216.0","239.7"
"Tutu Atwell","WR","MIA","","170.0","","","291.5","","240.9","279.9","216.0","239.7"
"Joe Flacco","QB","CIN","","169.9","","","290.2","","240.6","282.5","216.0","239.8"
"Germie Bernard","WR","PIT","239.5","170.4","","","254.8","324.7","231.5","256.0","202.5","239.9"
"Mack Hollins","WR","NE","","169.9","","","291.3","","240.5","281.7","216.0","239.9"
"Oscar Delp","TE","NO","","170.0","","","292.1","","240.7","280.6","216.0","239.9"
"Marcus Mariota","QB","WSH","","170.0","","","291.6","","240.3","281.4","216.0","239.9"
"Dawson Knox","TE","BUF","","169.8","","","291.6","","240.5","282.1","215.8","240.0"
"Isaiah Bond","WR","CLE","","169.9","","","291.8","","240.9","281.4","215.9","240.0"
"Tyler Higbee","TE","LAR","","169.8","","","292.2","","240.9","282.1","216.0","240.2"
"Olamide Zaccheaus","WR","ATL","","170.0","","","291.6","","240.7","282.5","216.0","240.2"
"Xavier Legette","WR","CAR","","170.8","","","288.6","","240.9","285.4","215.2","240.2"
"Ja'Tavion Sanders","TE","CAR","","170.0","","","292.2","","240.8","282.5","216.0","240.3"
"Najee Harris","RB","FA","212.3","170.0","","","","323.2","240.6","280.5","215.9","240.4"
"Devin Singletary","RB","NYG","","170.1","","","290.8","","241.0","284.0","216.0","240.4"
"Kendrick Bourne","WR","ARI","","170.0","","","292.8","","241.0","282.9","215.9","240.5"
"Noah Gray","TE","KC","","169.9","","","292.7","","","283.8","216.0","240.6"
"Caleb Douglas","WR","MIA","","170.3","","","282.0","273.7","240.3","274.6","205.1","241.0"
"Charlie Kolar","TE","LAC","","170.0","","","","306.7","240.9","274.7","214.2","241.3"
"Commanders","DST","WAS","","169.5","","","283.5","","240.8","273.0","","241.7"
"Erick All Jr.","TE","CIN","","170.0","","","","305.2","","275.9","215.6","241.7"
"Jalen Brooks","WR","ARI","339.5","170.0","","","","","","","216.0","241.8"
"Bengals","DST","CIN","241.2","169.6","","","289.6","","240.7","269.5","","242.1"
"Malachi Fields","WR","NYG","242.4","169.9","","","267.7","341.6","218.9","246.6","209.4","242.3"
"Samaje Perine","RB","CIN","","170.7","","","274.1","285.9","239.2","273.8","215.3","243.2"
"Deneric Prince","RB","FA","318.0","170.0","","","","","","","","244.0"
"Trey Lance","QB","LAC","","170.0","","","291.1","","241.0","274.3","","244.1"
"Jake Browning","QB","TB","","170.0","","","291.0","","241.0","274.5","","244.1"
"Trey Benson","RB","ARI","255.2","169.9","","","","326.7","230.8","266.6","216.0","244.2"
"J'Mari Taylor","RB","JAX","","","","","","","","272.9","215.9","244.4"
"Haynes King","QB","CAR","","","","","","","","273.1","216.0","244.5"
"Tory Horton","WR","SEA","228.7","170.8","","","285.2","315.3","234.4","267.2","213.3","245.0"
"Teddy Bridgewater","QB","DET","","170.0","","","290.9","","","274.0","","245.0"
"Raheim Sanders","RB","CLE","","170.0","","","292.3","","","273.5","","245.2"
"Will Shipley","RB","PHI","","170.1","","","291.6","","","273.9","","245.2"
"Andy Dalton","QB","PHI","","170.0","","","291.8","","","274.0","","245.3"
"Titans","DST","TEN","270.2","169.8","","","287.4","","238.6","261.8","","245.6"
"Daniel Bellinger","TE","TEN","","170.0","","","292.2","","","274.6","","245.6"
"Andre Baccellia","WR","FA","322.0","170.0","","","","","","","","246.0"
"Keon Coleman","WR","BUF","234.8","170.2","","","276.7","333.1","236.9","264.8","211.6","246.9"
"Baylor Cupp","TE","FA","324.3","170.0","","","","","","","","247.1"
"Mason Taylor","TE","NYJ","224.3","169.9","","","277.6","341.7","233.8","271.2","215.7","247.7"
"Kyle Allen","QB","BUF","287.3","169.9","","","291.4","","","274.6","216.0","247.9"
"Zach Horton","TE","DET","325.8","170.0","","","","","","","","247.9"
"Zach Ertz","TE","FA","","170.0","","","","338.7","241.0","275.4","216.0","248.2"
"Raiders","DST","LV","279.3","169.6","","","284.3","","240.0","268.2","","248.3"
"Eli Raridon","TE","NE","","169.9","","","291.5","295.3","241.0","277.1","214.9","248.3"
"LeQuint Allen Jr.","RB","JAX","","170.3","","","283.9","313.3","239.8","270.5","215.5","248.9"
"DJ Giddens","RB","IND","","170.2","","","286.3","302.7","240.8","278.8","215.9","249.1"
"Tez Johnson","WR","TB","","170.0","","","","341.9","240.9","281.5","215.9","250.0"
"Malik Benson","WR","LV","","170.0","","","","340.3","","274.5","215.7","250.1"
"Chris Bell","WR","MIA","239.3","171.1","","","282.0","342.2","236.5","266.0","214.4","250.2"
"Greg Dortch","WR","DET","","170.0","","","","340.8","","274.0","216.0","250.2"
"Kenneth McIntosh","RB","FA","307.5","170.0","","","","","","273.4","","250.3"
"Grant Calcaterra","TE","PHI","332.0","170.0","","","","","","","","251.0"
"Cardinals","DST","ARI","273.0","169.7","","","292.4","","241.0","279.2","","251.1"
"Mike Mayer","TE","LV","","170.1","","","287.6","313.7","240.2","281.7","215.0","251.4"
"Adam Randall","RB","BAL","","170.3","","","292.2","317.6","240.8","274.3","215.8","251.8"
"Jets","DST","NYJ","282.2","169.9","","","291.7","","240.6","276.3","","252.1"
"Malik Davis","RB","DAL","","170.1","","","287.2","323.9","240.3","275.5","215.9","252.2"
"Elijah Arroyo","TE","SEA","","169.9","","","291.0","317.2","240.9","284.5","215.7","253.2"
"Darren Waller","TE","CAR","","170.0","","","290.8","330.3","241.0","275.1","214.3","253.6"
"Tyquan Thornton","WR","KC","","170.2","","","290.6","333.3","238.8","276.5","212.6","253.7"
"Dolphins","DST","MIA","299.0","169.4","","","292.4","","240.8","274.4","","255.2"
"Cole Kmet","TE","CHI","","169.7","","","287.1","335.0","240.8","284.4","215.9","255.5"
"Isaiah Davis","RB","NYJ","","170.3","","","291.0","342.5","240.9","272.2","216.0","255.5"
"Ty Johnson","RB","BUF","","170.4","","","289.0","342.3","240.2","276.2","215.9","255.7"
"Tyrell Shavers","WR","BUF","342.5","170.0","","","","","","","","256.2"
"Darius Slayton","WR","NYG","","170.2","","","287.3","342.3","240.6","284.7","215.7","256.8"
"Jermar Jefferson","RB","MIN","343.9","170.0","","","","","","","","256.9"
"Rob Henry Jr.","RB","WAS","","","","","","","241.0","273.1","","257.1"
"John Wolford","QB","FA","347.0","170.0","","","","","","","","258.5"
"Matt Seybert","TE","","259.0","","","","","","","","","259.0"
"Harrison Bryant","TE","FA","348.0","170.0","","","","","","","","259.0"
"Jacardia Wright","RB","SEA","348.0","170.0","","","","","","","","259.0"
"Zavion Thomas","WR","CHI","","169.9","","","292.6","341.2","","276.7","215.7","259.2"
"Tanner McLachlan","TE","SF","349.0","170.0","","","","","","","","259.5"
"Tahj Brooks","RB","CIN","","170.1","","","291.8","340.3","","280.9","216.0","259.8"
"Chamon Metayer","TE","","260.5","","","","","","","","","260.5"
"Tommy Mellott","WR","FA","351.0","170.0","","","","","","","","260.5"
"Tyree Mayfield","TE","","261.0","","","","","","","","","261.0"
"Jalen Hurd","WR","","262.0","","","","","","","","","262.0"
"Trayone Gray","RB","","263.0","","","","","","","","","263.0"
"Zach Davidson","TE","FA","357.0","170.0","","","","","","","","263.5"
"Trenton Cannon","RB","","264.0","","","","","","","","","264.0"
"Gerrid Doaks","RB","","265.0","","","","","","","","","265.0"
"Jeret Smith","WR","","267.0","","","","","","","","","267.0"
"Sal Cannella","TE","FA","364.8","169.9","","","","","","","","267.3"
"Connor Jessop","QB","","268.3","","","","","","","","","268.3"
"Alex Mattison","RB","FA","367.0","170.0","","","","","","","","268.5"
"Brevin Jordan","TE","HOU","422.0","170.0","","","","","","","216.0","269.3"
"Ameer Abdullah","RB","JAX","369.5","170.0","","","","","","","","269.7"
"Connor Wedington","WR","","270.0","","","","","","","","","270.0"
"Dalvin Cook","RB","FA","370.0","169.9","","","","","","","","270.0"
"Zion Bowens","WR","","271.0","","","","","","","","","271.0"
"Reggie White","WR","","272.0","","","","","","","","","272.0"
"Brian Riley","WR","","273.0","","","","","","","","","273.0"
"Myles Montgomery","RB","NE","","","","","","","","273.1","","273.1"
"Jayden Ott","RB","FA","","","","","","","","273.3","","273.3"
"Aidan Robbins","RB","","274.0","","","","","","","","","274.0"
"CJ Verdell","RB","","275.0","","","","","","","","","275.0"
"Foster Moreau","TE","HOU","380.0","170.0","","","","","","","","275.0"
"Riley Ridley","WR","","276.0","","","","","","","","","276.0"
"Cedrick Wilson","WR","DET","383.5","170.0","","","","","","","","276.7"
"Jerreth Sterns","WR","","277.0","","","","","","","","","277.0"
"Gus Edwards","RB","FA","385.5","170.0","","","","","","","","277.8"
"Alex Gray","TE","","278.3","","","","","","","","","278.3"
"Noah Brown","WR","FA","449.5","170.0","","","","","","","216.0","278.5"
"Cade Johnson","WR","","279.5","","","","","","","","","279.5"
"Connor Neighbors","RB","","279.5","","","","","","","","","279.5"
"Ryan Willis","QB","","281.0","","","","","","","","","281.0"
"Devin Gray","WR","","282.0","","","","","","","","","282.0"
"B.J. Emmons","RB","","283.0","","","","","","","","","283.0"
"Davis Allen","TE","LAR","396.0","170.0","","","","","","","","283.0"
"Jaren Kanak","TE","TEN","397.0","170.0","","","","","","","","283.5"
"Damoun Patterson","WR","","284.0","","","","","","","","","284.0"
"Nate Adkins","TE","DEN","398.0","170.0","","","","","","","","284.0"
"Joe Walker","WR","","285.0","","","","","","","","","285.0"
"David Sills","WR","TB","405.0","170.0","","","","","","","","287.5"
"Abram Smith","RB","","288.0","","","","","","","","","288.0"
"Alonzo Moore","WR","","289.0","","","","","","","","","289.0"
"Jamarius Way","WR","","290.0","","","","","","","","","290.0"
"Riley Neal","QB","","291.0","","","","","","","","","291.0"
"Tyrion Davis-Price","RB","FA","412.0","170.0","","","","","","","","291.0"
"Austin Hooper","TE","ATL","430.0","170.0","","","","","","273.2","","291.1"
"Melvin Gordon","RB","(N/A)","","","","","291.3","","","","","291.3"
"D'Ernest Johnson","RB","FA","413.0","170.0","","","","","","","","291.5"
"Mike Harley","WR","","292.0","","","","","","","","","292.0"
"Johnathan Lloyd","WR","","293.0","","","","","","","","","293.0"
"Mike Weber","RB","","294.0","","","","","","","","","294.0"
"TJ Sheffield","WR","","295.0","","","","","","","","","295.0"
"Isaiah Neyor","WR","GB","421.0","170.0","","","","","","","","295.5"
"Sean Riley","WR","","296.0","","","","","","","","","296.0"
"Jaxon Janke","WR","","297.0","","","","","","","","","297.0"
"Curtis Samuel","WR","FA","426.7","170.0","","","","","","","","298.4"
"Darrius Shepherd","WR","","299.0","","","","","","","","","299.0"
"Josh Cuevas","TE","BAL","428.0","170.0","","","","","","","","299.0"
"Trenton Irwin","WR","SF","429.0","170.0","","","","","","","","299.5"
"Joaquin Davis","WR","PIT","300.0","","","","","","","","","300.0"
"Aaron Anderson","WR","","301.0","","","","","","","","","301.0"
"Jeff Wilson","RB","FA","432.0","170.0","","","","","","","","301.0"
"Robbie Ouzts","RB","SEA","433.0","170.0","","","","","","","","301.5"
"Jason Moore","WR","","302.5","","","","","","","","","302.5"
"Luke Farrell","TE","SF","435.0","170.0","","","","","","","","302.5"
"Josh Dobbs","QB","DET","465.8","169.9","","","","","","273.1","","302.9"
"Shane Leatherbury","WR","","303.5","","","","","","","","","303.5"
"Treyvhon Saunders","WR","HOU","303.5","","","","","","","","","303.5"
"Austin Reed","QB","BAL","305.0","","","","","","","","","305.0"
"Riley Nowakowski","TE","PIT","531.0","169.9","","","","","","","216.0","305.7"
"Kyle Sloter","QB","","306.0","","","","","","","","","306.0"
"Montrell Washington","WR","FA","442.0","170.0","","","","","","","","306.0"
"Jalen Reagor","WR","MIA","442.0","170.0","","","","","","","","306.0"
"Tom Kennedy","WR","DET","447.0","170.0","","","","","","","","308.5"
"Alex McGough","QB","","309.5","","","","","","","","","309.5"
"Bryan Thompson","WR","","310.0","","","","","","","","","310.0"
"Braxton Berrios","WR","NYG","451.4","170.0","","","","","","","","310.7"
"Graham Mertz","QB","HOU","452.5","170.0","","","","","","","","311.2"
"Julian Williams","WR","","311.3","","","","","","","","","311.3"
"Rob Tonyan","TE","PIT","569.0","170.0","","","291.5","","","","216.0","311.6"
"Collin Schlee","QB","","312.0","","","","","","","","","312.0"
"Kyle Trask","QB","CAR","455.2","170.0","","","","","","","","312.6"
"Trevon Grimes","WR","","313.0","","","","","","","","","313.0"
"Marquise Brown","WR","PHI","","","","","284.7","342.1","","","","313.4"
"Deante' Gray","WR","","314.0","","","","","","","","","314.0"
"Danny Etling","QB","","315.0","","","","","","","","","315.0"
"Xavier Gipson","WR","NYG","460.0","170.0","","","","","","","","315.0"
"Aaron Parker","WR","","316.0","","","","","","","","","316.0"
"Tay Martin","WR","DET","463.0","170.0","","","","","","","","316.5"
"Mike Strachan","WR","","317.0","","","","","","","","","317.0"
"Cooper Rush","QB","ATL","466.0","170.0","","","","","","","","318.0"
"A.T. Perry","WR","FA","467.0","170.0","","","","","","","","318.5"
"Bryan Edwards","WR","","319.0","","","","","","","","","319.0"
"Fred Trevillion","WR","","320.0","","","","","","","","","320.0"
"Josh Johnson","QB","CIN","470.0","170.0","","","","","","","","320.0"
"Jordan Thomas","TE","","321.0","","","","","","","","","321.0"
"Louis Rees-Zammit","RB","FA","473.0","170.0","","","","","","","","321.5"
"Josh Whyle","TE","GB","628.6","170.0","","","","","","273.1","216.0","321.9"
"Xavier Smith","WR","LAR","479.0","170.0","","","","","","","","324.5"
"Nathan Carter","RB","ATL","644.0","170.0","","","","","","273.1","216.0","325.8"
"Zakhari Franklin","WR","","327.0","","","","","","","","","327.0"
"Cordarrelle Patterson","RB","FA","484.0","170.0","","","","","","","","327.0"
"Corey Kiner","RB","ARI","487.0","170.0","","","","","","","","328.5"
"Romello Brooker","TE","","329.0","","","","","","","","","329.0"
"Justin Watson","WR","HOU","489.5","170.0","","","","","","","","329.7"
"Mike Carter","RB","TEN","633.5","170.0","","","","","241.0","274.2","","329.7"
"Matt Fleming","WR","","330.0","","","","","","","","","330.0"
"Xazavian Valladay","RB","FA","492.0","170.0","","","","","","","","331.0"
"Jimmy Holiday","WR","KC","493.0","170.0","","","","","","","","331.5"
"Drew Lock","QB","SEA","555.8","169.9","","","","","","273.5","","333.1"
"Devon Allen","WR","","334.5","","","","","","","","","334.5"
"Jordan Westerkamp","WR","","335.0","","","","","","","","","335.0"
"Mathew Sexton","WR","","336.0","","","","","","","","","336.0"
"Skyy Moore","WR","GB","685.4","170.0","","","","","","273.2","216.0","336.1"
"Tyler Johnson","WR","DAL","503.3","170.0","","","","","","","","336.6"
"Dedrick Mills","RB","","337.0","","","","","","","","","337.0"
"Tai Felton","WR","MIN","692.7","170.0","","","","","","273.6","216.0","338.1"
"Maurice Ffrench","WR","","338.5","","","","","","","","","338.5"
"Jared Wayne","WR","HOU","630.0","170.0","","","","","","","216.0","338.7"
"Zamir White","RB","SF","631.7","170.0","","","","","","","216.0","339.2"
"Jamie Newman","QB","","340.5","","","","","","","","","340.5"
"Adam Trautman","TE","DEN","636.8","169.9","","","","","","","216.0","340.9"
"Ja'Quan Gardner","RB","","341.5","","","","","","","","","341.5"
"Ja'Corey Brooks","WR","FA","515.6","170.0","","","","","","","","342.8"
"Damon Hazelton","WR","","343.0","","","","","","","","","343.0"
"Romello Brinson","WR","","345.0","","","","","","","","","345.0"
"John FitzPatrick","TE","FA","522.5","170.0","","","","","","","","346.2"
"Tyrod Taylor","QB","GB","658.2","169.9","","","291.6","","","274.6","","348.6"
"Dan Chisena","WR","CAR","527.5","170.0","","","","","","","","348.7"
"Marquez Valdes-Scantling","WR","DAL","663.4","169.9","","","","","","","216.0","349.8"
"Vance McDonald","TE","","350.0","","","","","","","","","350.0"
"Chase Roberts","WR","LV","350.0","","","","","","","","","350.0"
"Jared Wiley","TE","KC","533.0","170.0","","","","","","","","351.5"
"Matt Landers","WR","","352.0","","","","","","","","","352.0"
"Trent Sherfield","WR","BUF","671.0","170.0","","","","","","","216.0","352.3"
"Nick Bowers","TE","","353.0","","","","","","","","","353.0"
"Taj McGowan","RB","","354.0","","","","","","","","","354.0"
"David Bell","WR","CLE","539.0","170.0","","","","","","","","354.5"
"Bryan Bennett","QB","","356.0","","","","","","","","","356.0"
"Tyler Mabry","TE","FA","545.5","170.0","","","","","","","","357.8"
"Charlie Woerner","TE","ATL","546.5","170.0","","","","","","","","358.2"
"Tyre Brady","WR","","358.6","","","","","","","","","358.6"
"Travis Dye","RB","","359.0","","","","","","","","","359.0"
"Xavier Weaver","WR","ARI","549.0","170.0","","","","","","","","359.5"
"Bo Scarbrough","RB","","360.0","","","","","","","","","360.0"
"Zavier Scott","RB","MIN","638.0","170.0","","","","","","273.1","","360.4"
"Nick Ralston","RB","","361.0","","","","","","","","","361.0"
"Drew Allar","QB","PIT","699.6","169.9","","","","","","","216.0","361.8"
"Marcelias Sutton","RB","","362.0","","","","","","","","","362.0"
"Hunter Renfrow","WR","FA","554.5","170.0","","","","","","","","362.2"
"Ted Ginn","WR","","363.3","","","","","","","","","363.3"
"Gary Brightwell","RB","CIN","558.5","170.0","","","","","","","","364.2"
"Will Sheppard","WR","GB","365.0","","","","","","","","","365.0"
"Garrett Greene","QB","TB","366.0","","","","","","","","","366.0"
"Jonathan Mingo","WR","DAL","655.2","169.9","","","","","","273.1","","366.1"
"Geronimo Allison","WR","","368.0","","","","","","","","","368.0"
"Garrett Nussmeier","QB","KC","668.0","170.0","","","","","","273.1","","370.4"
"Johnny King","WR","","371.0","","","","","","","","","371.0"
"Bub Means","WR","NO","572.0","170.0","","","","","","","","371.0"
"Kyle Philips","WR","","372.0","","","","","","","","","372.0"
"Tyler Conklin","TE","DET","676.4","170.0","","","","","","273.1","","373.2"
"Keith Kirkwood","WR","","373.5","","","","","","","","","373.5"
"Patrick Taylor","RB","SF","577.5","170.0","","","","","","","","373.7"
"Gardner Minshew","QB","ARI","677.8","170.0","","","","","","274.2","","374.0"
"Jared Cook","TE","","374.5","","","","","","","","","374.5"
"Calvin Jackson","WR","","375.0","","","","","","","","","375.0"
"Jackson Harris","TE","","375.5","","","","","","","","","375.5"
"Kenneth Lawler","WR","","377.0","","","","","","","","","377.0"
"Brock Wright","TE","DET","690.8","169.9","","","","","","273.1","","377.9"
"Chris Blair","WR","ATL","586.5","170.0","","","","","","","","378.2"
"Kobe McCrary","RB","","378.5","","","","","","","","","378.5"
"Brady Russell","TE","SEA","587.0","170.0","","","","","","","","378.5"
"Darrell Henderson","RB","","542.0","","","","","","","","216.0","379.0"
"Bo Melton","WR","GB","695.0","170.0","","","","","","273.1","","379.3"
"Boston Scott","RB","","381.3","","","","","","","","","381.3"
"Tim Jones","WR","JAX","593.0","170.0","","","","","","","","381.5"
"Dominic Lovett","WR","DET","594.0","170.0","","","","","","","","382.0"
"Justin Stockton","RB","","382.3","","","","","","","","","382.3"
"Tyren Montgomery","WR","TEN","384.0","","","","","","","","","384.0"
"Will Mallory","TE","IND","598.5","170.0","","","","","","","","384.2"
"AJ Henning","WR","MIA","386.7","","","","","","","","","386.7"
"Jordan Ta'amu","QB","","387.7","","","","","","","","","387.7"
"Sean Brown","WR","","388.0","","","","","","","","","388.0"
"Austin Trammell","WR","JAX","606.0","170.0","","","","","","","","388.0"
"Ben Skowronek","WR","PIT","607.4","169.9","","","","","","","","388.7"
"Josh Ferguson","RB","","390.0","","","","","","","","","390.0"
"Sincere Brown","WR","LAC","391.0","","","","","","","","","391.0"
"Amar Johnson","RB","LAC","615.0","170.0","","","","","","","","392.5"
"Jibri Blount","TE","","393.0","","","","","","","","","393.0"
"Kennedy Brooks","RB","","394.0","","","","","","","","","394.0"
"Kaidon Salter","QB","","395.0","","","","","","","","","395.0"
"Danny Gray","WR","PHI","621.7","170.0","","","","","","","","395.8"
"Adrian Martinez","QB","SF","626.2","170.0","","","","","","","","398.1"
"Valentine Holmes","RB","","399.5","","","","","","","","","399.5"
"Dan Villari","TE","LAR","400.0","","","","","","","","","400.0"
"Jake Funk","RB","","401.7","","","","","","","","","401.7"
"Tavonn Salter","WR","","402.0","","","","","","","","","402.0"
"Bobo Wilson","WR","","403.0","","","","","","","","","403.0"
"Johnny Lumpkin","TE","","404.0","","","","","","","","","404.0"
"Malik Cunningham","WR","DET","639.5","170.0","","","","","","","","404.8"
"D.J. Montgomery","WR","IND","641.7","170.0","","","","","","","","405.8"
"Duece Watts","WR","","406.0","","","","","","","","","406.0"
"Justin Shorter","WR","LV","643.5","170.0","","","","","","","","406.7"
"Hunter Kampmoyer","TE","","407.0","","","","","","","","","407.0"
"Brandon Smith","WR","PIT","645.0","170.0","","","","","","","","407.5"
"Floyd Allen","WR","","408.0","","","","","","","","","408.0"
"Brennan Presley","WR","LAR","646.5","170.0","","","","","","","","408.2"
"Ricky White","WR","SEA","647.0","170.0","","","","","","","","408.5"
"Dillon Johnson","RB","","409.0","","","","","","","","","409.0"
"Terrace Marshall","WR","MIA","648.0","170.0","","","","","","","","409.0"
"Diontae Johnson","WR","FA","649.8","170.0","","","","","","","","409.9"
"Noah Thomas","WR","CIN","605.0","","","","","","","","216.0","410.5"
"Darius Prince","WR","","410.7","","","","","","","","","410.7"
"Mohamed Sanu","WR","","411.0","","","","","","","","","411.0"
"Adam Thielen","WR","PIT","657.7","170.0","","","","","","","","413.8"
"Kyle Dixon","WR","NE","414.0","","","","","","","","","414.0"
"Eli Stove","WR","","415.0","","","","","","","","","415.0"
"Taylor Heinicke","QB","FA","661.0","170.0","","","","","","","","415.5"
"Dylan Cantrell","TE","","416.0","","","","","","","","","416.0"
"Malik Turner","WR","SF","662.0","170.0","","","","","","","","416.0"
"Kolbe Katsis","WR","DEN","417.0","","","","","","","","","417.0"
"Cody White","WR","SEA","664.0","170.0","","","","","","","","417.0"
"Chris Brazzell","WR","CAR","400.0","170.0","","","","","240.5","278.5","","417.6"
"Kehinde Oginni","TE","","418.0","","","","","","","","","418.0"
"Nick Vannett","TE","SEA","666.0","170.0","","","","","","","","418.0"
"Sam Ehlinger","QB","DEN","666.3","170.0","","","","","","","","418.1"
"Eric Saubert","TE","SEA","668.0","170.0","","","","","","","","419.0"
"Taulia Tagovailoa","QB","","420.0","","","","","","","","","420.0"
"Cam Latu","TE","PHI","673.1","170.0","","","","","","","","421.5"
"Trey Sermon","RB","ATL","674.0","170.0","","","","","","","","422.0"
"Brayden Lenius","TE","","423.0","","","","","","","","","423.0"
"Jaret Patterson","RB","LAC","677.0","170.0","","","","","","","","423.5"
"Devontres Dukes","WR","","424.0","","","","","","","","","424.0"
"Lewis Bond","WR","HOU","678.4","170.0","","","","","","","","424.2"
"Squirrel White","WR","","425.3","","","","","","","","","425.3"
"Jahwan Edwards","RB","","427.0","","","","","","","","","427.0"
"Brady Boyd","WR","JAX","431.0","","","","","","","","","431.0"
"Je'Quan Burton","WR","","434.0","","","","","","","","","434.0"
"Evan Svoboda","TE","LAC","436.0","","","","","","","","","436.0"
"Derrick Willies","WR","","437.5","","","","","","","","","437.5"
"Ian Wheeler","RB","BUF","438.5","","","","","","","","","438.5"
"A.J. Green","WR","","439.0","","","","","","","","","439.0"
"Racey McMath","WR","","440.0","","","","","","","","","440.0"
"Derek Carrier","TE","","441.0","","","","","","","","","441.0"
"Jordan Hudson","WR","DAL","443.0","","","","","","","","","443.0"
"Aaron Dykes","RB","","444.0","","","","","","","","","444.0"
"Justin Hall","WR","","446.0","","","","","","","","","446.0"
"Jeremiah Franklin","TE","MIA","447.5","","","","","","","","","447.5"
"Thomas Gordon","TE","DET","450.0","","","","","","","","","450.0"
"Lucky Jackson","WR","DET","453.6","","","","","","","","","453.6"
"TD Ayo-Durojaiye","RB","","454.0","","","","","","","","","454.0"
"Kye Robichaux","RB","DET","455.0","","","","","","","","","455.0"
"DeSean Jackson","WR","","457.2","","","","","","","","","457.2"
"Rohan Jones","TE","LAR","458.5","","","","","","","","","458.5"
"Hajj-Malik Williams","QB","","459.8","","","","","","","","","459.8"
"Cyrus Holder","WR","","461.0","","","","","","","","","461.0"
"Jake Fromm","QB","","463.7","","","","","","","","","463.7"
"Josh Kattus","TE","CIN","468.0","","","","","","","","","468.0"
"Jesse James","TE","","469.0","","","","","","","","","469.0"
"Denzel Mims","WR","DAL","471.0","","","","","","","","","471.0"
"Marquise Goodwin","WR","","472.0","","","","","","","","","472.0"
"Stephen Gosnell","WR","BUF","474.0","","","","","","","","","474.0"
"Dante Wright","WR","","475.0","","","","","","","","","475.0"
"Sammy Watkins","WR","","476.0","","","","","","","","","476.0"
"Johnny Pascuzzi","TE","LAC","477.0","","","","","","","","","477.0"
"Malik Henry","WR","","478.0","","","","","","","","","478.0"
"Roland Rivers","QB","","479.7","","","","","","","","","479.7"
"Patrick Carr","RB","","481.3","","","","","","","","","481.3"
"Javon Wims","WR","","482.5","","","","","","","","","482.5"
"Jared Rice","TE","","483.0","","","","","","","","","483.0"
"Coleman Bennett","RB","CHI","485.0","","","","","","","","","485.0"
"Ryan Tannehill","QB","","486.4","","","","","","","","","486.4"
"Josh Rosen","QB","","488.0","","","","","","","","","488.0"
"Julian Fleming","WR","","490.5","","","","","","","","","490.5"
"Landon Rice","TE","","491.5","","","","","","","","","491.5"
"Jalen Guyton","WR","","494.0","","","","","","","","","494.0"
"Marchie Murdock","WR","","495.0","","","","","","","","","495.0"
"Jordan Reed","TE","","498.8","","","","","","","","","498.8"
"N'Keal Harry","TE","","499.0","","","","","","","","","499.0"
"Hank Beatty","WR","TEN","500.0","","","","","","","","","500.0"
"Mante Morrow","WR","","501.0","","","","","","","","","501.0"
"Tony Tyus","RB","CAR","502.0","","","","","","","","","502.0"
"David Blough","QB","","503.5","","","","","","","","","503.5"
"Carl Tucker","TE","","506.0","","","","","","","","","506.0"
"James Gilbert","RB","","507.0","","","","","","","","","507.0"
"Jaylen Samuels","RB","","508.0","","","","","","","","","508.0"
"Marvin Jones","WR","","509.0","","","","","","","","","509.0"
"James Butler","RB","","510.0","","","","","","","","","510.0"
"K.J. Maye","WR","","511.0","","","","","","","","","511.0"
"Darren Carrington","WR","","511.7","","","","","","","","","511.7"
"Kellen Mond","QB","","513.3","","","","","","","","","513.3"
"Diontae Spencer","WR","","514.5","","","","","","","","","514.5"
"Malachi Jones","WR","","516.0","","","","","","","","","516.0"
"Chris Carson","RB","","517.0","","","","","","","","","517.0"
"Daurice Fountain","WR","","518.0","","","","","","","","","518.0"
"Jalen Greene","WR","","519.0","","","","","","","","","519.0"
"Travis Benjamin","WR","","520.0","","","","","","","","","520.0"
"Christian Wade","RB","","521.5","","","","","","","","","521.5"
"Josh Kelly","WR","HOU","523.0","","","","","","","","","523.0"
"Xavier Loyd","WR","KC","525.0","","","","","","","","","525.0"
"Jeff Caldwell","WR","KC","526.0","","","","","","","","","526.0"
"Dylan Devezin","RB","","529.8","","","","","","","","","529.8"
"Jamal Pettigrew","TE","","530.3","","","","","","","","","530.3"
"Jake Coker","QB","","532.0","","","","","","","","","532.0"
"Kyron Drones","QB","GB","535.5","","","","","","","","","535.5"
"Kentrel Bullock","RB","CIN","536.0","","","","","","","","","536.0"
"Demetris Robertson","WR","","537.3","","","","","","","","","537.3"
"BJ Baylor","RB","","538.0","","","","","","","","","538.0"
"Napoleon Maxwell","RB","","540.0","","","","","","","","","540.0"
"Ian Bunting","TE","","541.8","","","","","","","","","541.8"
"Courtney Jackson","WR","TEN","543.0","","","","","","","","","543.0"
"John Michael Gyllenborg","TE","KC","545.0","","","","","","","","","545.0"
"Donte Moncrief","WR","","547.5","","","","","","","","","547.5"
"Nick Easley","WR","","548.0","","","","","","","","","548.0"
"Da'Mari Scott","WR","","551.0","","","","","","","","","551.0"
"Oliver Martin","WR","","552.0","","","","","","","","","552.0"
"Christian Blake","WR","","553.0","","","","","","","","","553.0"
"Tony Torres","TE","","556.0","","","","","","","","","556.0"
"Evan Berry","WR","","557.0","","","","","","","","","557.0"
"J. Michael Sturdivant","WR","GB","559.0","","","","","","","","","559.0"
"Garrett Dickerson","TE","","561.3","","","","","","","","","561.3"
"Kadarius Calloway","RB","TB","562.3","","","","","","","","","562.3"
"Cash Jones","RB","ATL","563.0","","","","","","","","","563.0"
"De'Anthony Thomas","WR","","564.0","","","","","","","","","564.0"
"Xavier Turner","RB","","566.0","","","","","","","","","566.0"
"J.J. Jones","WR","","567.0","","","","","","","","","567.0"
"Ito Smith","RB","DAL","568.0","","","","","","","","","568.0"
"Joe Webb","QB","","570.0","","","","","","","","","570.0"
"Terry Swanson","RB","","573.0","","","","","","","","","573.0"
"Tayvion Robinson","WR","","574.0","","","","","","","","","574.0"
"Malick Meiga","WR","","575.5","","","","","","","","","575.5"
"Trebor Pena","WR","JAX","576.0","","","","","","","","","576.0"
"Tanner Morgan","QB","","578.0","","","","","","","","","578.0"
"Austin Proehl","WR","","579.7","","","","","","","","","579.7"
"Trent Pennix","TE","","580.0","","","","","","","","","580.0"
"Jay Lee","WR","","581.0","","","","","","","","","581.0"
"Brandon Silvers","QB","","582.0","","","","","","","","","582.0"
"Damien Caffrey","TE","","583.0","","","","","","","","","583.0"
"Case Cookus","QB","","585.3","","","","","","","","","585.3"
"Sammis Reyes","TE","","588.0","","","","","","","","","588.0"
"Mike Davis","RB","","589.0","","","","","","","","","589.0"
"Keelan Doss","WR","","590.0","","","","","","","","","590.0"
"Larry Rountree","RB","","591.0","","","","","","","","","591.0"
"Byron Pringle","WR","","591.5","","","","","","","","","591.5"
"Trey Quinn","WR","","595.0","","","","","","","","","595.0"
"Giovani Bernard","RB","","596.0","","","","","","","","","596.0"
"Jermaine Kearse","WR","","597.0","","","","","","","","","597.0"
"Aca'Cedric Ware","RB","","599.5","","","","","","","","","599.5"
"Chad Beebe","WR","","599.5","","","","","","","","","599.5"
"Bryson Nesbit","TE","MIN","601.0","","","","","","","","","601.0"
"Tony Boone","QB","","604.0","","","","","","","","","604.0"
"Papi White","WR","","607.0","","","","","","","","","607.0"
"Henry Litwin","WR","","609.8","","","","","","","","","609.8"
"Camden Brown","WR","DAL","610.0","","","","","","","","","610.0"
"Mark Chapman","WR","","611.0","","","","","","","","","611.0"
"Marcus Simms","WR","","612.0","","","","","","","","","612.0"
"Will Fuller","WR","","612.0","","","","","","","","","612.0"
"Rashaad Penny","RB","","614.0","","","","","","","","","614.0"
"Amari Rodgers","WR","","616.0","","","","","","","","","616.0"
"Landen Akers","WR","","617.0","","","","","","","","","617.0"
"Tyler McCloskey","RB","","618.0","","","","","","","","","618.0"
"Austin Appleby","QB","","619.0","","","","","","","","","619.0"
"Connor Slomka","RB","","620.0","","","","","","","","","620.0"
"Marcus Riley","WR","","623.6","","","","","","","","","623.6"
"Alex Smith","QB","","624.0","","","","","","","","","624.0"
"Tony Hankerson","RB","","625.0","","","","","","","","","625.0"
"Golden Tate","WR","","627.5","","","","","","","","","627.5"
"Jerome Lane","WR","","629.0","","","","","","","","","629.0"
"Deon Cain","WR","","634.5","","","","","","","","","634.5"
"Steve Wroblewski","TE","","637.7","","","","","","","","","637.7"
"Wayne Gallman","RB","","639.0","","","","","","","","","639.0"
"Josh Caldwell","RB","","642.2","","","","","","","","","642.2"
"Joe Manjack","WR","DEN","650.0","","","","","","","","","650.0"
"Bryant Mitchell","WR","","651.3","","","","","","","","","651.3"
"Sandro Platzgummer","RB","","652.6","","","","","","","","","652.6"
"Riley Sharp","TE","","653.3","","","","","","","","","653.3"
"Austin Wolf","WR","","653.5","","","","","","","","","653.5"
"Stevie Scott","RB","","654.0","","","","","","","","","654.0"
"Jalen Wayne","WR","","655.5","","","","","","","","","655.5"
"Gerald Holmes","RB","","659.3","","","","","","","","","659.3"
"Tommy Stevens","TE","NYG","660.0","","","","","","","","","660.0"
"Garrett Groshek","RB","","662.8","","","","","","","","","662.8"
"Joe Fagnano","QB","BAL","664.0","","","","","","","","","664.0"
"Kalen Ballage","RB","","665.0","","","","","","","","","665.0"
"Bryant Koback","RB","","667.0","","","","","","","","","667.0"
"Jay Ajayi","RB","","667.1","","","","","","","","","667.1"
"Phillip Brooks","WR","","669.0","","","","","","","","","669.0"
"Bryce Perkins","QB","","670.8","","","","","","","","","670.8"
"DaMarkus Lodge","WR","","671.5","","","","","","","","","671.5"
"Jacob De Jesus","WR","KC","671.9","","","","","","","","","671.9"
"Jack Sorenson","WR","","673.5","","","","","","","","","673.5"
"Jerome Cunningham","TE","","675.0","","","","","","","","","675.0"
"Marcus Peterson","WR","","675.2","","","","","","","","","675.2"
"Trevon Wesco","TE","","676.0","","","","","","","","","676.0"
"Todd Gurley","RB","","678.1","","","","","","","","","678.1"
"John Ursua","WR","","678.5","","","","","","","","","678.5"
"Cole Beck","WR","","679.0","","","","","","","","","679.0"
"Kalif Jackson","TE","MIA","680.0","","","","","","","","","680.0"
"Chris Brown","WR","","680.5","","","","","","","","","680.5"
"Sone Ntoh","RB","","681.5","","","","","","","","","681.5"
"Tyler Moore","TE","","682.2","","","","","","","","","682.2"
"Ryan Fitzpatrick","QB","","682.4","","","","","","","","","682.4"
"Josh Imatorbhebhe","WR","","683.1","","","","","","","","","683.1"
"Josh Gordon","WR","","684.0","","","","","","","","","684.0"
"Kai Locksley","WR","","685.0","","","","","","","","","685.0"
"Zimari Manning","WR","","686.5","","","","","","","","","686.5"
"Kekoa Crawford","WR","","687.0","","","","","","","","","687.0"
"T.J. Simmons","WR","","687.2","","","","","","","","","687.2"
"Chase Claypool","WR","","687.5","","","","","","","","","687.5"
"Mike Thomas","WR","","688.3","","","","","","","","","688.3"
"Broc Rutter","QB","","689.5","","","","","","","","","689.5"
"Jerand Bradley","WR","LAC","690.0","","","","","","","","","690.0"
"Al-Jay Henderson","RB","","691.0","","","","","","","","","691.0"
"Roman Hemby","RB","LV","691.0","","","","","","","","","691.0"
"Kole Taylor","TE","","692.0","","","","","","","","","692.0"
"Marlon Mack","RB","","693.0","","","","","","","","","693.0"
"Will Pauling","WR","SF","694.0","","","","","","","","","694.0"
"Sean Mannion","QB","","694.7","","","","","","","","","694.7"
"Nakia Griffin-Stewart","TE","","695.3","","","","","","","","","695.3"
"Vincent Testaverde","QB","","696.0","","","","","","","","","696.0"
"Lamar Miller","RB","","699.5","","","","","","","","","699.5"
"Kirk Merritt","WR","","700.0","","","","","","","","","700.0"
"Brandon Shippen","WR","","700.5","","","","","","","","","700.5"